key,page,page_link,english,translation,context,source_locations
sqiq-tools-live-viewer.chart.sources.length.plots.axissummary.69ea5af4,sqiq/tools/live-viewer,https://hanniganairquality.github.io/PBLinRuralSchools/sqiq/tools/live-viewer/,${chart.sources.length} plots${axisSummary ?,,JavaScript UI text,assets/js/viewers/aqiq-live-viewer.js:2361
sqiq-tools-live-viewer.version.section.has.no.columns.a11e6667,sqiq/tools/live-viewer,https://hanniganairquality.github.io/PBLinRuralSchools/sqiq/tools/live-viewer/,${version} ${section} has no columns.,,JavaScript UI text,assets/js/core/ypod-yaml.js:271
sqiq-tools-live-viewer.version.does.not.define.section.dd422acd,sqiq/tools/live-viewer,https://hanniganairquality.github.io/PBLinRuralSchools/sqiq/tools/live-viewer/,${version} does not define ${section}.,,JavaScript UI text,assets/js/core/ypod-yaml.js:265
sqiq-tools-live-viewer.version.was.not.found.in.the.pod.027bb5b2,sqiq/tools/live-viewer,https://hanniganairquality.github.io/PBLinRuralSchools/sqiq/tools/live-viewer/,${version} was not found in the POD YAML.,,JavaScript UI text,assets/js/core/ypod-yaml.js:259
sqiq-tools-live-viewer.advanced.settings.2e8bbf39,sqiq/tools/live-viewer,https://hanniganairquality.github.io/PBLinRuralSchools/sqiq/tools/live-viewer/,Advanced settings,,summary text,sqiq/tools/live-viewer/index.html:34
sqiq-tools-live-viewer.basic.plot.selection.d3e7160b,sqiq/tools/live-viewer,https://hanniganairquality.github.io/PBLinRuralSchools/sqiq/tools/live-viewer/,Basic plot selection,,section[aria-label],sqiq/tools/live-viewer/index.html:70
sqiq-tools-live-viewer.carbon.dioxide.8468c776,sqiq/tools/live-viewer,https://hanniganairquality.github.io/PBLinRuralSchools/sqiq/tools/live-viewer/,Carbon Dioxide,,h2 text; input text; span text,sqiq/tools/live-viewer/index.html:74; sqiq/tools/live-viewer/index.html:84; sqiq/tools/live-viewer/index.html:98
sqiq-tools-live-viewer.choose.the.spod.firmware.schema.used.to.6721ad37,sqiq/tools/live-viewer,https://hanniganairquality.github.io/PBLinRuralSchools/sqiq/tools/live-viewer/,Choose the SPOD firmware schema used to interpret incoming serial rows.,,span[data-help],sqiq/tools/live-viewer/index.html:37
sqiq-tools-live-viewer.choose.which.data.section.from.the.selected.66b3329c,sqiq/tools/live-viewer,https://hanniganairquality.github.io/PBLinRuralSchools/sqiq/tools/live-viewer/,Choose which data section from the selected SPOD version maps column names and units.,,span[data-help],sqiq/tools/live-viewer/index.html:41
sqiq-tools-live-viewer.choose.which.standard.sqiq.live.plots.are.1fc0d0d3,sqiq/tools/live-viewer,https://hanniganairquality.github.io/PBLinRuralSchools/sqiq/tools/live-viewer/,Choose which standard SQIQ live plots are visible.,,span[data-help],sqiq/tools/live-viewer/index.html:72
sqiq-tools-live-viewer.columns.cf723c59,sqiq/tools/live-viewer,https://hanniganairquality.github.io/PBLinRuralSchools/sqiq/tools/live-viewer/,Columns,,legend text,sqiq/tools/live-viewer/index.html:57
sqiq-tools-live-viewer.columns.help.4f441013,sqiq/tools/live-viewer,https://hanniganairquality.github.io/PBLinRuralSchools/sqiq/tools/live-viewer/,Columns help,,span[aria-label],sqiq/tools/live-viewer/index.html:57
sqiq-tools-live-viewer.connect.b65463cb,sqiq/tools/live-viewer,https://hanniganairquality.github.io/PBLinRuralSchools/sqiq/tools/live-viewer/,Connect,,button text,sqiq/tools/live-viewer/index.html:27
sqiq-tools-live-viewer.connected.c2f9b7b4,sqiq/tools/live-viewer,https://hanniganairquality.github.io/PBLinRuralSchools/sqiq/tools/live-viewer/,Connected,,JavaScript UI text,assets/js/viewers/aqiq-live-viewer.js:1141
sqiq-tools-live-viewer.connection.failed.202caaa8,sqiq/tools/live-viewer,https://hanniganairquality.github.io/PBLinRuralSchools/sqiq/tools/live-viewer/,Connection failed,,JavaScript UI text,assets/js/viewers/aqiq-live-viewer.js:534
sqiq-tools-live-viewer.data.visualization.306fcb2b,sqiq/tools/live-viewer,https://hanniganairquality.github.io/PBLinRuralSchools/sqiq/tools/live-viewer/,Data Visualization,,a text,sqiq/tools/live-viewer/index.html:14
sqiq-tools-live-viewer.debug.values.207b1f79,sqiq/tools/live-viewer,https://hanniganairquality.github.io/PBLinRuralSchools/sqiq/tools/live-viewer/,Debug values,,span text,sqiq/tools/live-viewer/index.html:66
sqiq-tools-live-viewer.disconnect.ed28e068,sqiq/tools/live-viewer,https://hanniganairquality.github.io/PBLinRuralSchools/sqiq/tools/live-viewer/,Disconnect,,button text,sqiq/tools/live-viewer/index.html:28
sqiq-tools-live-viewer.export.graph.view.b4e3a4a1,sqiq/tools/live-viewer,https://hanniganairquality.github.io/PBLinRuralSchools/sqiq/tools/live-viewer/,Export graph view,,section[aria-label],sqiq/tools/live-viewer/index.html:116
sqiq-tools-live-viewer.export.graph.view.png.e410cc01,sqiq/tools/live-viewer,https://hanniganairquality.github.io/PBLinRuralSchools/sqiq/tools/live-viewer/,Export graph view PNG,,button text,sqiq/tools/live-viewer/index.html:117
sqiq-tools-live-viewer.graph.png.exported.9e11641f,sqiq/tools/live-viewer,https://hanniganairquality.github.io/PBLinRuralSchools/sqiq/tools/live-viewer/,Graph PNG exported,,JavaScript UI text,assets/js/viewers/aqiq-live-viewer.js:1618
sqiq-tools-live-viewer.haq.lab.pbl.ecd45bff,sqiq/tools/live-viewer,https://hanniganairquality.github.io/PBLinRuralSchools/sqiq/tools/live-viewer/,HAQ Lab PBL,,a text,sqiq/tools/live-viewer/index.html:11
sqiq-tools-live-viewer.haq.lab.university.of.colorado.dee0c56d,sqiq/tools/live-viewer,https://hanniganairquality.github.io/PBLinRuralSchools/sqiq/tools/live-viewer/,"HAQ Lab, University of Colorado",,span text,sqiq/tools/live-viewer/index.html:122
sqiq-tools-live-viewer.header.received.8075a024,sqiq/tools/live-viewer,https://hanniganairquality.github.io/PBLinRuralSchools/sqiq/tools/live-viewer/,Header received,,JavaScript UI text,assets/js/viewers/aqiq-live-viewer.js:1104
sqiq-tools-live-viewer.idle.cc1ebdd0,sqiq/tools/live-viewer,https://hanniganairquality.github.io/PBLinRuralSchools/sqiq/tools/live-viewer/,Idle,,JavaScript UI text; div text,assets/js/viewers/aqiq-live-viewer.js:140; sqiq/tools/live-viewer/index.html:30
sqiq-tools-live-viewer.infrared.light.5bf2a7aa,sqiq/tools/live-viewer,https://hanniganairquality.github.io/PBLinRuralSchools/sqiq/tools/live-viewer/,Infrared Light,,span text,sqiq/tools/live-viewer/index.html:87
sqiq-tools-live-viewer.last.plot.time.924eb797,sqiq/tools/live-viewer,https://hanniganairquality.github.io/PBLinRuralSchools/sqiq/tools/live-viewer/,Last plot time,,span text,sqiq/tools/live-viewer/index.html:64
sqiq-tools-live-viewer.latest.readings.5a4d7ed2,sqiq/tools/live-viewer,https://hanniganairquality.github.io/PBLinRuralSchools/sqiq/tools/live-viewer/,Latest readings,,section[aria-label],sqiq/tools/live-viewer/index.html:81
sqiq-tools-live-viewer.latest.row.8a4608f3,sqiq/tools/live-viewer,https://hanniganairquality.github.io/PBLinRuralSchools/sqiq/tools/live-viewer/,Latest row,,span text,sqiq/tools/live-viewer/index.html:65
sqiq-tools-live-viewer.light.a36ef8ab,sqiq/tools/live-viewer,https://hanniganairquality.github.io/PBLinRuralSchools/sqiq/tools/live-viewer/,Light,,h2 text,sqiq/tools/live-viewer/index.html:106
sqiq-tools-live-viewer.live.sqiq.charts.b03816c4,sqiq/tools/live-viewer,https://hanniganairquality.github.io/PBLinRuralSchools/sqiq/tools/live-viewer/,Live SQIQ charts,,section[aria-label],sqiq/tools/live-viewer/index.html:91
sqiq-tools-live-viewer.live.viewer.controls.b51eae0d,sqiq/tools/live-viewer,https://hanniganairquality.github.io/PBLinRuralSchools/sqiq/tools/live-viewer/,Live viewer controls,,section[aria-label],sqiq/tools/live-viewer/index.html:26
sqiq-tools-live-viewer.loading.pod.name.schema.59d18617,sqiq/tools/live-viewer,https://hanniganairquality.github.io/PBLinRuralSchools/sqiq/tools/live-viewer/,Loading ${POD_NAME} schema...,,JavaScript UI text,assets/js/viewers/aqiq-live-viewer.js:215
sqiq-tools-live-viewer.loading.spod.schema.35d4278a,sqiq/tools/live-viewer,https://hanniganairquality.github.io/PBLinRuralSchools/sqiq/tools/live-viewer/,Loading SPOD schema...,,span text,sqiq/tools/live-viewer/index.html:47
sqiq-tools-live-viewer.min.formatnumber.min.max.formatnumber.max.0858d3f3,sqiq/tools/live-viewer,https://hanniganairquality.github.io/PBLinRuralSchools/sqiq/tools/live-viewer/,min ${formatNumber(min)} | max ${formatNumber(max)},,JavaScript UI text,assets/js/viewers/aqiq-live-viewer.js:2379
sqiq-tools-live-viewer.no.visible.plots.to.export.0b64be0c,sqiq/tools/live-viewer,https://hanniganairquality.github.io/PBLinRuralSchools/sqiq/tools/live-viewer/,No visible plots to export,,JavaScript UI text,assets/js/viewers/aqiq-live-viewer.js:1584
sqiq-tools-live-viewer.ok.9ce3bd42,sqiq/tools/live-viewer,https://hanniganairquality.github.io/PBLinRuralSchools/sqiq/tools/live-viewer/,OK,,JavaScript UI text,assets/js/core/browser-warning.js:26
sqiq-tools-live-viewer.opening.serial.port.2f458d3a,sqiq/tools/live-viewer,https://hanniganairquality.github.io/PBLinRuralSchools/sqiq/tools/live-viewer/,Opening serial port...,,JavaScript UI text,assets/js/viewers/aqiq-live-viewer.js:526
sqiq-tools-live-viewer.plots.shown.d10ca4f2,sqiq/tools/live-viewer,https://hanniganairquality.github.io/PBLinRuralSchools/sqiq/tools/live-viewer/,Plots shown,,legend text,sqiq/tools/live-viewer/index.html:72
sqiq-tools-live-viewer.plots.shown.help.cca19b5d,sqiq/tools/live-viewer,https://hanniganairquality.github.io/PBLinRuralSchools/sqiq/tools/live-viewer/,Plots shown help,,span[aria-label],sqiq/tools/live-viewer/index.html:72
sqiq-tools-live-viewer.reset.44c57abd,sqiq/tools/live-viewer,https://hanniganairquality.github.io/PBLinRuralSchools/sqiq/tools/live-viewer/,Reset,,button text,sqiq/tools/live-viewer/index.html:29
sqiq-tools-live-viewer.rows.52d0b352,sqiq/tools/live-viewer,https://hanniganairquality.github.io/PBLinRuralSchools/sqiq/tools/live-viewer/,Rows,,span text,sqiq/tools/live-viewer/index.html:63
sqiq-tools-live-viewer.select.extra.spod.yaml.columns.to.add.8134ab77,sqiq/tools/live-viewer,https://hanniganairquality.github.io/PBLinRuralSchools/sqiq/tools/live-viewer/,Select extra SPOD YAML columns to add as live plots.,,span[data-help],sqiq/tools/live-viewer/index.html:57
sqiq-tools-live-viewer.serial.read.error.137eea52,sqiq/tools/live-viewer,https://hanniganairquality.github.io/PBLinRuralSchools/sqiq/tools/live-viewer/,Serial read error,,JavaScript UI text,assets/js/viewers/aqiq-live-viewer.js:547
sqiq-tools-live-viewer.serial.readout.ec64c1cb,sqiq/tools/live-viewer,https://hanniganairquality.github.io/PBLinRuralSchools/sqiq/tools/live-viewer/,Serial readout,,section[aria-label],sqiq/tools/live-viewer/index.html:62
sqiq-tools-live-viewer.set.how.many.recent.minutes.remain.visible.9465554c,sqiq/tools/live-viewer,https://hanniganairquality.github.io/PBLinRuralSchools/sqiq/tools/live-viewer/,Set how many recent minutes remain visible in the live plots.,,span[data-help],sqiq/tools/live-viewer/index.html:50
sqiq-tools-live-viewer.shows.the.spod.schema.supplying.column.names.abb2d61f,sqiq/tools/live-viewer,https://hanniganairquality.github.io/PBLinRuralSchools/sqiq/tools/live-viewer/,"Shows the SPOD schema supplying column names, units, and default axis ranges.",,span[data-help],sqiq/tools/live-viewer/index.html:45
sqiq-tools-live-viewer.soil.981c95e1,sqiq/tools/live-viewer,https://hanniganairquality.github.io/PBLinRuralSchools/sqiq/tools/live-viewer/,Soil,,h2 text; input text; span text,sqiq/tools/live-viewer/index.html:102; sqiq/tools/live-viewer/index.html:75; sqiq/tools/live-viewer/index.html:85
sqiq-tools-live-viewer.split.6df63cad,sqiq/tools/live-viewer,https://hanniganairquality.github.io/PBLinRuralSchools/sqiq/tools/live-viewer/,SPLIT,,JavaScript UI text,assets/js/viewers/aqiq-live-viewer.js:448
sqiq-tools-live-viewer.split.chart.title.6edc2b68,sqiq/tools/live-viewer,https://hanniganairquality.github.io/PBLinRuralSchools/sqiq/tools/live-viewer/,Split ${chart.title},,JavaScript UI text,assets/js/viewers/aqiq-live-viewer.js:449
sqiq-tools-live-viewer.spod.live.visualization.d1fbb765,sqiq/tools/live-viewer,https://hanniganairquality.github.io/PBLinRuralSchools/sqiq/tools/live-viewer/,SPOD Live Visualization,,h1 text,sqiq/tools/live-viewer/index.html:22
sqiq-tools-live-viewer.spod.headerlog.yaml.9fad63a0,sqiq/tools/live-viewer,https://hanniganairquality.github.io/PBLinRuralSchools/sqiq/tools/live-viewer/,SPOD_HeaderLog.yaml,,a text,sqiq/tools/live-viewer/index.html:46
sqiq-tools-live-viewer.sqiq.hub.7f6b7ac2,sqiq/tools/live-viewer,https://hanniganairquality.github.io/PBLinRuralSchools/sqiq/tools/live-viewer/,SQIQ hub,,a text,sqiq/tools/live-viewer/index.html:13
sqiq-tools-live-viewer.sqiq.live.viewer.a495eca8,sqiq/tools/live-viewer,https://hanniganairquality.github.io/PBLinRuralSchools/sqiq/tools/live-viewer/,SQIQ live viewer,,p text,sqiq/tools/live-viewer/index.html:21
sqiq-tools-live-viewer.sqiq.live.viewer.haq.lab.pbl.6ebf4444,sqiq/tools/live-viewer,https://hanniganairquality.github.io/PBLinRuralSchools/sqiq/tools/live-viewer/,SQIQ Live Viewer | HAQ Lab PBL,,title text,sqiq/tools/live-viewer/index.html:6
sqiq-tools-live-viewer.sqiq.spod.live.visualization.40b6b4b5,sqiq/tools/live-viewer,https://hanniganairquality.github.io/PBLinRuralSchools/sqiq/tools/live-viewer/,SQIQ SPOD Live Visualization,,JavaScript UI text,assets/js/viewers/sqiq-live-viewer.js:3
sqiq-tools-live-viewer.temperature.0a9062a9,sqiq/tools/live-viewer,https://hanniganairquality.github.io/PBLinRuralSchools/sqiq/tools/live-viewer/,Temperature,,h2 text; input text,sqiq/tools/live-viewer/index.html:73; sqiq/tools/live-viewer/index.html:93
sqiq-tools-live-viewer.temperature.1.ebfce939,sqiq/tools/live-viewer,https://hanniganairquality.github.io/PBLinRuralSchools/sqiq/tools/live-viewer/,Temperature 1,,span text,sqiq/tools/live-viewer/index.html:82
sqiq-tools-live-viewer.temperature.2.8c3ae9fc,sqiq/tools/live-viewer,https://hanniganairquality.github.io/PBLinRuralSchools/sqiq/tools/live-viewer/,Temperature 2,,span text,sqiq/tools/live-viewer/index.html:83
sqiq-tools-live-viewer.the.live.viewer.needs.browser.serial.port.b97ada83,sqiq/tools/live-viewer,https://hanniganairquality.github.io/PBLinRuralSchools/sqiq/tools/live-viewer/,"The live viewer needs browser serial-port support. Safari does not support this connection, so open this live viewer in Firefox or Chrome.",,JavaScript UI text,assets/js/core/browser-warning.js:24
sqiq-tools-live-viewer.timeline.size.min.add76364,sqiq/tools/live-viewer,https://hanniganairquality.github.io/PBLinRuralSchools/sqiq/tools/live-viewer/,Timeline size (min),,span text,sqiq/tools/live-viewer/index.html:50
sqiq-tools-live-viewer.timeline.size.help.60ad2329,sqiq/tools/live-viewer,https://hanniganairquality.github.io/PBLinRuralSchools/sqiq/tools/live-viewer/,Timeline size help,,span[aria-label],sqiq/tools/live-viewer/index.html:50
sqiq-tools-live-viewer.tool.navigation.e2b52eb8,sqiq/tools/live-viewer,https://hanniganairquality.github.io/PBLinRuralSchools/sqiq/tools/live-viewer/,Tool navigation,,nav[aria-label],sqiq/tools/live-viewer/index.html:12
sqiq-tools-live-viewer.use.firefox.or.chrome.239ddd06,sqiq/tools/live-viewer,https://hanniganairquality.github.io/PBLinRuralSchools/sqiq/tools/live-viewer/,Use Firefox or Chrome,,JavaScript UI text,assets/js/core/browser-warning.js:22
sqiq-tools-live-viewer.uv.index.a8b9eea5,sqiq/tools/live-viewer,https://hanniganairquality.github.io/PBLinRuralSchools/sqiq/tools/live-viewer/,UV Index,,h2 text; input text; span text,sqiq/tools/live-viewer/index.html:111; sqiq/tools/live-viewer/index.html:77; sqiq/tools/live-viewer/index.html:88
sqiq-tools-live-viewer.visible.and.infrared.light.8435cec8,sqiq/tools/live-viewer,https://hanniganairquality.github.io/PBLinRuralSchools/sqiq/tools/live-viewer/,Visible and Infrared Light,,input text,sqiq/tools/live-viewer/index.html:76
sqiq-tools-live-viewer.visible.light.a97d713a,sqiq/tools/live-viewer,https://hanniganairquality.github.io/PBLinRuralSchools/sqiq/tools/live-viewer/,Visible Light,,span text,sqiq/tools/live-viewer/index.html:86
sqiq-tools-live-viewer.waiting.for.serial.data.7df806fd,sqiq/tools/live-viewer,https://hanniganairquality.github.io/PBLinRuralSchools/sqiq/tools/live-viewer/,Waiting for serial data...,,JavaScript UI text,assets/js/viewers/aqiq-live-viewer.js:529
sqiq-tools-live-viewer.web.serial.is.not.available.in.this.672d303c,sqiq/tools/live-viewer,https://hanniganairquality.github.io/PBLinRuralSchools/sqiq/tools/live-viewer/,Web Serial is not available in this browser.,,JavaScript UI text,assets/js/core/serial-lines.js:19
sqiq-tools-live-viewer.web.serial.unavailable.1c6d7cf9,sqiq/tools/live-viewer,https://hanniganairquality.github.io/PBLinRuralSchools/sqiq/tools/live-viewer/,Web Serial unavailable,,JavaScript UI text,assets/js/viewers/aqiq-live-viewer.js:138
sqiq-tools-live-viewer.yaml.request.failed.with.response.status.212867c6,sqiq/tools/live-viewer,https://hanniganairquality.github.io/PBLinRuralSchools/sqiq/tools/live-viewer/,YAML request failed with ${response.status},,JavaScript UI text,assets/js/core/ypod-yaml.js:82
sqiq-tools-live-viewer.yaml.source.54b3fe7d,sqiq/tools/live-viewer,https://hanniganairquality.github.io/PBLinRuralSchools/sqiq/tools/live-viewer/,YAML source,,span text,sqiq/tools/live-viewer/index.html:45
sqiq-tools-live-viewer.yaml.source.help.d018069c,sqiq/tools/live-viewer,https://hanniganairquality.github.io/PBLinRuralSchools/sqiq/tools/live-viewer/,YAML source help,,span[aria-label],sqiq/tools/live-viewer/index.html:45
sqiq-tools-live-viewer.yaml.type.a8418b59,sqiq/tools/live-viewer,https://hanniganairquality.github.io/PBLinRuralSchools/sqiq/tools/live-viewer/,YAML type,,span text,sqiq/tools/live-viewer/index.html:41
sqiq-tools-live-viewer.yaml.type.help.0c744245,sqiq/tools/live-viewer,https://hanniganairquality.github.io/PBLinRuralSchools/sqiq/tools/live-viewer/,YAML type help,,span[aria-label],sqiq/tools/live-viewer/index.html:41
sqiq-tools-live-viewer.yaml.version.e14975ea,sqiq/tools/live-viewer,https://hanniganairquality.github.io/PBLinRuralSchools/sqiq/tools/live-viewer/,YAML version,,span text,sqiq/tools/live-viewer/index.html:37
sqiq-tools-live-viewer.yaml.version.help.7633a987,sqiq/tools/live-viewer,https://hanniganairquality.github.io/PBLinRuralSchools/sqiq/tools/live-viewer/,YAML version help,,span[aria-label],sqiq/tools/live-viewer/index.html:37
